id,smiles,strength,absorption,splitting
MH404008,c1ccc(/C=C/c2ccc(cc2)/C=C/c2ccc(cc2)C=Cc2ccc(N(c3ccccc3)c3ccccc3)cc2)cc1,4,0,4
MH404017,c1ccc(cc1)N(c1ccc(cc1)-c1ccc(cc1)C=C(C#N)C#N)c1ccc(cc1)-c1ccc(cc1)C=C(C#N)C#N,4,0,4
MH404021,c1ccc(cc1)N(c1ccccc1)c1ccc(cc1)-c1ccc(s1)-c1ccc(-c2ccc(N(c3ccccc3)c3ccccc3)cc2)c2nsnc12,4,0,4
MH404022,c1ccc(cc1)N(c1ccccc1)c1ccc(cc1)-c1ccc(s1)-c1ccc(-c2ccc(N(c3ccccc3)c3ccccc3)cc2)c2c1nsn2,4,0,4
MH404024,C=Cc1ccc(cc1)/C=C/c1ccc(/C=C/c2ccc(cc2)C=CP(c2ccccc2)c2ccccc2)cc1,4,0,4
MH404027,C=Cc1ccc(cc1)/C=C/c1ccc(/C=C/c2ccc(C=Cn3c4ccccc4c4ccccc43)cc2)cc1,4,0,4
MH404031,c1ccc(/N=N/c2ccc(cc2)OS(=O)(c2ccc(cc2)C)=O)cc1,4,0,4
MH404040,c1cc(-c2ccc(cc2)-c2ccc(cc2)N(c2ccccc2)c2ccc3N(c4ccccc4)c4ccc(N(c5ccccc5)c5ccccc5)cc4Oc3c2)ccc1C,4,0,4
MH404043,c1cc(ccc1O)/C=C/c1cc(C)c2n1[B-]([N+]1=CC=CC1=C2)(F)F,4,0,4
MH404057,c1ccc(cc1)N(c1ccccc1)c1ccc(cc1)C=C(C#N)c1ccc(s1)/C=N/c1ccc(C(O)=O)cc1,4,0,4
MH404058,c1ccc(/N=N/c2ccc(cc2)S(F)(F)(F)(F)F)cc1,4,0,4
MH404059,c1ccc(cc1)N(c1ccccc1)c1ccc(cc1)C=C(c1ccccc1)c1ccccc1,4,0,4
MH404062,[Si](c1ccccc1)(c1ccccc1)c1ccccc1,4,0,4
MH404063,[Si](c1ccccc1)(c1ccccc1)[Si](c1ccccc1)(c1ccccc1)c1ccccc1,4,0,4
MH404064,C=Cc1ccc(cc1)N(c1ccccc1)c1ccccc1,4,0,4
MH404065,c1cc(ccc1O)/N=N/c1ccc(cc1)-c1ccc(cc1)/N=N/c1c(S(=O)([O-])=O)cc2c(c(cc(S(=O)(=O)[O-])c2)N)c1O,4,0,4
MH404067,c1cc(ccc1O)/N=N/c1ccc(cc1)-c1ccc(cc1)/N=N/c1c(S(=O)([O-])=O)cc2cc(cc(c2c1O)N)S(=O)([O-])=O,4,0,4
MH404071,c1cc(ccc1O)/N=N/c1ccc(S(=O)(N2CCOCC2)=O)cc1,4,0,4
MH404082,C(c1ccccc1)=Cc1ccc(cc1)N(c1ccccc1)c1ccc(C=C(c2ccccc2)c2ccccc2)cc1,4,0,4
MH404083,c1ccc(cc1)/N=N/c1ccc(cc1)N(C)C,4,0,4
MH404090,N1c2ccccc2C(C)(C)c2cc(ccc21)-c1ccc(N(c2ccccc2)c2ccccc2)cc1,4,0,4
MH404100,c1ccc(cc1)N(c1ccccc1)c1ccc(cc1)C=Cc1ccc(cc1)/C=C/c1ccc(C=Cc2ccc(N(c3ccccc3)c3ccccc3)cc2)cc1,4,0,4
MH414000,c1ccc(cc1)-c1ccc(cc1)-c1ccc(-c2ccc(-c3ccc(-c4ccc(-c5ccc(cc5)-c5ccc(cc5)C(F)(F)F)cc4)nn3)cc2)cc1,4,1,4
MH414001,c1ccc(cc1)-c1ccc(cc1)N(c1ccccc1)c1ccc(cc1)-c1ccc(cc1)N(c1ccccc1)c1ccccc1,4,1,4
MH414002,c1ccc(cc1)-c1ccc(cc1)-c1ccc(-c2ccc(cc2)-c2ccc(-c3ccc(cc3)-c3ccc(cc3)-c3ccc(cc3)C(F)(F)F)s2)cc1,4,1,4
MH414006,c1ccc(cc1)N(c1ccccc1)c1ccc(cc1)-c1ccc2N(c3ccccc3)c3ccc(cc3C(c2c1)(C)C)-c1ccc(cc1)N(c1ccccc1),4,1,4
MH414009,C(C#N)=Cc1ccc(s1)-c1ccc(cc1)N(c1ccc(cc1)-c1ccc(C=C(C#N)C#N)s1)c1ccc(-c2ccc(s2)C=C(C#N)C#N)cc1,4,1,4
MH414010,c1ccc(cc1)-c1ccc(cc1)N(c1ccc(-c2ccc(cc2)N(c2ccccc2)c2ccccc2)cc1)c1ccc(N(c2ccccc2)c2ccccc2)cc1,4,1,4
MH414013,c1ccccc1N(c1ccccc1)c1ccc(cc1)-c1sc(-c2ccc(N(c3ccccc3)c3ccccc3)cc2)nn1,4,1,4
MH414015,c1ccccc1N(c1ccccc1)c1ccc(cc1)-c1ccc(-c2ccc(-c3ccc(cc3)N(c3ccccc3)c3ccccc3)cc2)nn1,4,1,4
MH414029,c1cc(cc(c1)-c1ccc(cc1)-c1ccc(cc1)N(c1ccccc1)c1ccccc1)-c1ccc(-c2ccc(cc2)N(c2ccccc2)c2ccccc2)cc1,4,1,4
MH414032,c1cc(cc(c1)-c1ccc(cc1)-c1ccc(cc1)N(c1ccccc1)c1ccccc1)-c1ccc(N(c2ccccc2)c2ccccc2)cc1,4,1,4
MH414054,c1cc(ccc1)-c1ccc(cc1)-c1ccc(cc1)N(c1ccccc1)c1ccc2N(c3ccccc3)c3ccc(N(c4ccccc4)c4ccccc4)cc3Oc2c1,4,1,4
MH414056,c1ccccc1P(c1ccccc1)c1ccccc1P(c1ccccc1P(c1ccccc1)c1ccccc1)c1ccccc1,4,1,4
MH414057,c1ccccc1P(c1ccccc1)c1ccccc1P(c1ccccc1P(c1ccccc1)c1ccccc1P(c1ccccc1)c1ccccc1)c1ccccc1,4,1,4
MH414059,c1ccccc1P(c1ccccc1)c1ccccc1P(c1ccccc1)c1ccccc1,4,1,4
MH414061,c1cc(C=Cc2ccc(cc2)P(c2ccccc2)(c2ccccc2)=O)cc(c1)C=Cc1ccc(P(c2ccccc2)(=O)c2ccccc2)cc1,4,1,4
MH414062,c1cc(C=Cc2ccc(cc2)P(c2ccccc2)c2ccccc2)cc(C=Cc2ccc(cc2)P(c2ccccc2)c2ccccc2)c1,4,1,4
MH414066,c1cc(C=Cc2ccc(cc2)P(c2ccccc2)(c2ccccc2)=O)cc(c1)C=Cc1ccc(cc1)P(c1ccccc1)(c1ccccc1)=O,4,1,4
MH414069,c1cc(ccc1)-c1ccc(cc1)-c1ccc2N(c3ccc(-c4ccc(-c5cccc(c5)C(F)(F)F)cc4)cc3Oc2c1)c1ccccc1,4,1,4
MH414070,N(c1ccccc1)c1ccc(-c2ccc(cc2)N(c2ccccc2)c2ccc(-c3ccc(N(c4ccccc4)c4ccccc4)cc3)cc2)cc1,4,1,4
MH414074,N(c1ccccc1)c1ccc(cc1)-c1ccc(-c2ccc(N(c3ccccc3)c3ccccc3)cc2)cc1,4,1,4
MH414075,N(c1ccccc1)c1ccc(cc1)-c1ccc(-c2ccc(cc2)N(c2ccccc2)c2ccccc2)c2c1nc(-c1ccccc1)c(-c1ccccc1)n2,4,1,4
MH414079,N(c1ccccc1)c1ccc(cc1)-c1ccc(N(c2ccccc2)c2ccc(cc2)-c2ccc(N(c3ccccc3)c3ccccc3)cc2)cc1,4,1,4
MH410002,CN(c1ccc(cc1)/C=C/c1cc[n+](cc1)CCSSCC[n+]1ccc(cc1)/C=C/c1ccc(N(CCO)CCO)cc1)CCO,4,1,0
MH410003,CN(c1ccc(cc1)/C=C/c1cc[n+](cc1)CCSSCC[n+]1ccc(cc1)/C=C/c1ccc(cc1)N(CCC[N+](C)(C)C)C)C,4,1,0
MH410005,CN(c1ccc(cc1)/C=C/c1cc[n+](cc1)CCSSCC[n+]1ccc(cc1)/C=C/c1ccc(cc1)N(CCC[N+](C)(C)C)C)CCC[N+](C)(C)C,4,1,0
MH410009,c1ccc(/C=C/c2n3c(C=C4[N+](=CC=C4)[B-]3(F)F)c(c2)C)cc1,4,1,0
MH410011,c1ccc(/C=C/c2ccc(cc2)N(c2ccccc2)c2ccccc2)cc1,4,1,0
MH410039,c1ccc(cc1)N(c1ccccc1)c1ccc(cc1)/C=C/c1ccc(cc1)N(c1ccc(cc1)-c1sc(cc1)/C=C(\C#N)C(O)=O)c1ccc(cc1),4,1,0
MH410041,c1ccc(cc1)N(c1ccccc1)c1ccc(cc1)-c1ccc(-c2ccc(cc2)N(c2ccccc2)c2ccc(cc2)C=C(C(O)=O)C#N)s1,4,1,0
MH410044,c1ccc(cc1)N(c1ccccc1)c1ccc(cc1)-c1ccc(-c2ccc(cc2)N(c2ccccc2)c2ccc(cc2)C=C(C#N)C(=O)O)s1,4,1,0
MH410056,c1ccc(cc1)N(c1ccccc1)c1ccc(cc1)-c1sc(-c2ccc(s2)/C=C(\C#N)C(=O)O)cc1,4,1,0
MH432000,c1cc(ccc1)-c1cccc(c1)-c1cccc(-c2cccc(-c3cccc(-c4cccc(c4)-c4cccc(c4)-c4cccc(c4)C(F)(F)F)c3)n2)c1,4,3,2
MH432003,c1cc(ccc1)-c1cccc(c1)-c1cccc(-c2cccc(-c3cccc(c3)-c3cccc(-c4cccc(-c5ccccc5)c4)c3)n2)c1,4,3,2
MH432005,c1ccc(cc1)/C=C/c1ccc(cc1)-c1oc(-c2ccc(cc2)/C=C/c2ccc(cc2)N(C)C)nn1,4,3,2
MH432006,c1ccc(cc1)N(c1ccccc1)c1ccc(cc1)C=C(C#N)c1ccc(-c2ccc(cc2)C=C(C(=O)O)C#N)cc1,4,3,2
MH432008,c1ccc(cc1)/C=C/c1ccc(cc1)N(c1ccccc1)c1ccccc1,4,3,2
MH432011,c1ccc(cc1)/C=C/c1ccc(cc1)-c1oc(-c2ccc(cc2)/C=C/c2ccc(N(C)C)cc2)nn1,4,3,2
MH432012,c1ccc(cc1)N(c1ccccc1)c1ccc(cc1)-c1sc(-c2ccc(cc2)N(c2ccccc2)c2ccc(cc2)C=C(C#N)C(=O)O)cc1,4,3,2
MH432014,c1cc(ccc1/C=C/c1ccc(N(c2ccccc2)c2ccccc2)cc1)/C=C/c1ccc(N(c2ccccc2)c2ccccc2)cc1,4,3,2
MH432018,c1cc(ccc1/C=C/c1ccc(N(c2ccccc2)c2ccccc2)cc1)/C=C/c1ccc(cc1S([O-])(=O)=O)N(c1ccccc1)c1ccccc1,4,3,2
MH432021,N(c1ccccc1)c1ccccc1,4,3,2
MH432024,N(c1ccccc1)c1ccc(/C=C/c2ccc(cc2)/C=C/c2ccc(N(c3ccccc3)c3ccccc3)cc2)cc1,4,3,2
MH432032,OS(=O)(=O)c1ccc(cc1)/N=N/c1ccc(c2c1cccc2)N(C)C,4,3,2
MH432038,OS(=O)(c1ccc(cc1)/N=N/c1ccc(cc1)N(C)C)=O,4,3,2
MH432040,C(C#N)=Cc1ccc(N(c2ccccc2)c2ccccc2)cc1,4,3,2
MH432065,N(c1ccccc1)c1ccc(/C=C/c2ccc(cc2)N(c2ccccc2)c2ccccc2)cc1,4,3,2
MH432069,C(C#N)=Cc1ccc(cc1)N(c1ccccc1)c1ccc(cc1)-c1[nH]c2c(n1)c(-c1ccccc1)ccc2-c1ccccc1,4,3,2
MH432084,c1ccc(/C=C/c2ccc(cc2)N(c2ccccc2)c2ccccc2)c(c1)/C=C/c1ccc(cc1)N(c1ccccc1)c1ccccc1,4,3,2
MH432086,c1ccc(/C=C/c2ccc(cc2)N(c2ccccc2)c2ccccc2)c(c1)/C=C/c1ccc(N(c2ccccc2)c2ccccc2)cc1,4,3,2
MH442000,C(C#N)=Cc1ccc(cc1)N(c1ccccc1)c1ccccc1,4,4,2
MH442002,C(=O)Nc1ccc(cc1)/N=N/c1ccc(cc1)NC(=O)C[N+](CC)(CC)CC,4,4,2
MH442003,C(C#N)=Cc1ccc(cc1)-c1ccc(cc1)N(c1ccccc1)c1ccccc1,4,4,2
MH442004,C(=O)Nc1ccc(cc1)/N=N/c1ccc(NC(CN2C(C=CC2=O)=O)=O)cc1,4,4,2
MH442009,N(c1ccccc1)c1ccc(cc1)-c1ccc(cc1)[P+](c1ccccc1)(c1ccccc1)c1ccccc1,4,4,2
MH442010,N(c1ccccc1)c1ccc(cc1)-c1ccc(-c2ccc(cc2)N(c2ccccc2)c2ccccc2)c2nc(-c3ccccc3)c(nc21)-c1ccccc1,4,4,2
MH442018,c1ccc(/C=C/c2ccc(N(c3ccccc3)c3ccccc3)cc2)cc1-c1ccc(/C=C/c2ccc(N(c3ccccc3)c3ccccc3)cc2)cc1,4,4,2
MH442024,c1cc(/C=C/c2ccc(N(c3ccccc3)c3ccccc3)cc2)ccc1/C=C/c1ccc(N(c2ccccc2)c2ccccc2)cc1,4,4,2
MH442025,c1cc(/C=C/c2ccc(cc2)N(c2ccccc2)c2ccccc2)cc(n1)/C=C/c1ccc(cc1)N(c1ccccc1)c1ccccc1,4,4,2
MH442027,c1cc(/C=C/c2ccc(N(c3ccccc3)c3ccccc3)cc2)cc([n+]1Cc1ccccc1)/C=C/c1ccc(cc1)N(c1ccccc1)c1ccccc1,4,4,2
MH442030,c1ccc(cc1)N(c1ccccc1)c1ccc(-c2ccc(cc2)-c2ccc(cc2)N(c2ccccc2)c2ccccc2)cc1,4,4,2
MH442031,c1ccc(cc1)C#Cc1ccc(cc1)N(c1ccc(cc1)C#Cc1ccc(cc1)C=C(C#N)C(O)=O)c1ccc(cc1)C#Cc1ccc(cc1)C=C(C#N)C,4,4,2
MH442035,c1ccc(/C=C/c2ccc(cc2)N(c2ccccc2)c2ccccc2)cc1,4,4,2
MH442064,c1ccc(cc1)C#Cc1ccc(cc1)N(c1ccc(C#Cc2ccc(C=O)cc2)cc1)c1ccc(cc1)C#Cc1ccc(cc1)C=O,4,4,2
MH442068,OS(=O)(=O)c1ccc(cc1)/N=N/c1ccc(cc1)S(=O)(=O)[O-],4,4,2
MH442070,c1ccc(-c2ccc(cc2)N(c2ccccc2)c2ccccc2)cc1,4,4,2
MH442071,OS(=O)(=O)c1ccc(cc1)/N=N/c1ccc(cc1)S([O-])(=O)=O,4,4,2
MH442077,c1ccc(cc1)-c1ccc(-c2ccc(cc2)-c2ccc(cc2)-c2ccc(cc2)-c2ccc(cc2)-c2ccc(cc2)-c2ccccc2)cc1,4,4,2
MH442092,CCCCCOc1ccc(cc1)-c1ccc(cc1)N(c1ccc(cc1)-c1ccc(OCCCCCCCC)cc1)c1ccc(-c2ccc(cc2)OCCCCCCCC)cc1,4,4,2
MH413022,c1ccc(cc1)-c1ccc(cc1)N(c1ccccc1)c1ccc2N(c3ccccc3)c3ccc(N(c4ccccc4)c4ccccc4)cc3C(c2c1)(C)C,4,1,3
MH413028,C=Cc1ccc(cc1)P(c1ccccc1)c1ccc(C=CP(c2ccccc2)c2ccc(C=CP(c3ccccc3)c3ccccc3)cc2)cc1,4,1,3
MH413029,C=Cc1cc(C=CP(c2ccccc2)c2ccccc2)cc(C=CP(c2ccccc2)c2ccccc2)c1,4,1,3
MH413035,c1ccc(cc1)N(c1ccccc1)c1ccc(cc1)-c1ccc2n(-c3ccccc3)c3ccc(-c4ccc(cc4)N(c4ccccc4)c4ccccc4)cc3c2c1,4,1,3
MH413048,c1ccc(cc1)-c1ccc(cc1)N(c1ccccc1)c1ccc2N(c3ccccc3)c3ccc(N(c4ccccc4)c4ccccc4)cc3Oc2c1,4,1,3
MH413061,c1ccc(cc1)N(c1ccccc1)c1ccc(cc1)-c1ccc2N(c3ccccc3)c3ccc(cc3C(C)(C)c2c1)-c1ccc(cc1)N(c1ccccc1),4,1,3
MH413075,C(=O)c1ccc(cc1)-c1ccc(-c2ccc(-c3ccc(-c4ccc(cc4)C(c4ccccc4)=O)cc3)nn2)cc1,4,1,3
MH413076,C(=O)c1ccc(cc1)-c1ccc(-c2ccc(-c3ccc(-c4ccc(C(=O)C(F)(F)F)cc4)cc3)nn2)cc1,4,1,3
MH441001,C#Cc1ccc(cc1)N(c1ccc(C#Cc2ccc(cc2)C=C(C#N)C(=O)O)cc1)c1ccc(C#Cc2ccc(C=C(C#N)C(=O)O)cc2)cc1,4,4,1
MH441005,C#Cc1ccc(cc1)N(c1ccc(cc1)C#Cc1ccc(cc1)C=Cc1ccncn1)c1ccc(cc1)C#Cc1ccc(cc1)C=Cc1ncncc1,4,4,1
MH441006,C#Cc1ccc(cc1)N(c1ccc(C#Cc2ccc(C=C(C#N)C(O)=O)cc2)cc1)c1ccc(C#Cc2ccc(cc2)OC)cc1,4,4,1
MH441014,c1ccc(cc1)/C=C/c1ccc(N(c2ccc(/C=C/c3ccccc3)cc2)c2ccc(/C=C(\C#N)c3ccc(cc3)C#N)cc2)cc1,4,4,1
MH441015,c1ccc(cc1)/C=C/c1ccc(N(c2ccc(/C=C/c3ccccc3)cc2)c2ccc(/C=C(/C(=O)O)C#N)cc2)cc1,4,4,1
MH441016,c1ccc(cc1)-c1ccc(cc1)-c1ccc(cc1)-c1ccc(cc1)-c1ccc(-c2ccc(cc2)-c2ccc(cc2)-c2ccccc2)cc1,4,4,1
MH441017,C(=C(C#N)C#N)c1ccc(N(c2ccccc2)c2ccccc2)cc1,4,4,1
MH441019,C(=C(C(F)(F)F)\C=C\c1ccc(cc1)C(F)(F)F)/C=N/c1ccc(C(F)(F)F)cc1,4,4,1
MH441026,N(c1ccccc1)c1ccccc1,4,4,1
MH441027,N(c1ccccc1)c1ccc(cc1)S(=O)(=O)c1ccc(S(c2ccc(cc2)N(c2ccccc2)c2ccccc2)(=O)=O)cc1,4,4,1
MH441038,c1cc(cc(c1)-c1ccc(cc1)N(c1ccccc1)c1ccccc1)-c1ccc(cc1)N(c1ccccc1)c1ccccc1,4,4,1
MH441047,c1ccc(cc1)/C=C/c1ccc(N(c2ccc(/C=C/c3ccc(cc3)C(F)(F)F)cc2)c2ccc(/C=C/c3ccc(cc3)C(F)(F)F)cc2)cc1,4,4,1
MH441050,c1ccc(cc1)/C=C/c1ccc(N(c2ccc(cc2)/C=C/c2ccc(cc2)C(F)(F)F)c2ccc(cc2)-c2ccc(cc2)C(F)(F)F)cc1,4,4,1
MH441061,N(c1ccccc1)c1ccc(cc1)-c1ccc(-c2ccc(N(c3ccccc3)c3ccccc3)cc2)c2c1nc(c(n2)-c1ccccc1)-c1ccccc1,4,4,1
MH441063,c1ccc(-c2ccc(cc2)N(c2ccccc2)c2ccccc2)c2c1N=C(c1ccccc1)C(c1ccccc1)(N2)c1ccccc1,4,4,1
MH441064,c1ccc(N(c2ccccc2)c2ccccc2)cc1,4,4,1
MH441065,c1ccc(cc1)N(c1ccccc1)c1ccc(cc1)-c1ccc(cc1)-c1ccc(cc1)[P+](c1ccccc1)(c1ccccc1)c1ccccc1,4,4,1
MH441066,c1ccc(cc1)N(c1ccccc1)c1ccc(cc1)-c1ccc(-c2ccc(cc2)N(c2ccccc2)c2ccc(cc2)/C=C(/C(=O)O)C#N)cc1,4,4,1
MH441073,N(c1ccccc1)c1ccc(cc1)-c1ccc(cc1)-c1ccc(cc1)-c1ccc(cc1)-c1ccc(-c2ccc(N(c3ccccc3)c3ccccc3)cc2)cc1,4,4,1
MH441084,N(c1ccc(cc1)-c1ccc(N(c2ccccc2)c2ccccc2)cc1)c1ccc(-c2ccc(cc2)N(c2ccccc2)c2ccccc2)cc1,4,4,1
MH441088,S(=O)(=O)c1ccc(cc1)-c1ccc(cc1)-c1ccc(cc1)-c1ccc(cc1)-c1ccc(cc1)-c1ccc(cc1)S(=O)(=O)c1ccccc1,4,4,1
MH441093,c1ccc(cc1)N(c1ccccc1)c1ccc(cc1)-c1ccc(cc1)[P+](c1ccccc1)(c1ccccc1)c1ccccc1,4,4,1
MH431000,OS(=O)(=O)c1ccc(/N=N/c2ccc(S([O-])(=O)=O)cc2)cc1/C=C/c1ccc(cc1S(=O)(=O)[O-])/N=N/c1ccc(cc1)S(=O)(=O)[O-],4,3,1
MH431001,c1ccc(cc1)/C=C/c1ccc(cc1)N(c1ccccc1)c1ccccc1,4,3,1
MH431006,c1ccc(cc1)-c1ccc(cc1)N(c1ccc(cc1)-c1ccc(cc1)/C=C(\C#N)C(O)=O)c1ccc(cc1)-c1ccc(cc1)C=C(C#N)C(=O),4,3,1
MH431007,c1ccc(cc1)-c1ccc(cc1)N(c1ccc(cc1)-c1ccc(/C=C(\C#N)C(O)=O)cc1)c1ccc(cc1)-c1ccc(cc1)/C=C(\C#N),4,3,1
MH431010,C(=Cc1ccc(cc1)N(c1ccccc1)c1ccccc1)c1ccc(-c2ccc3c(c2)ccc(c3)C(=C(C#N)C#N)C=C(C#N)C#N)cc1,4,3,1
MH431011,C(=C(C#N)C#N)c1ccc(cc1)N(c1ccccc1)c1ccccc1,4,3,1
MH431012,C(=Cc1ccc(cc1)N(c1ccccc1)c1ccccc1)c1ccc(-c2ccc3c(c2)ccc(c3)C(=C(C#N)C#N)C#N)cc1,4,3,1
MH431013,C(C#N)=Cc1ccc(N(c2ccccc2)c2ccccc2)cc1,4,3,1
MH431015,C(=Cc1ccc(cc1)N(c1ccccc1)c1ccccc1)c1ccc(cc1)-c1ccc(cc1)C=C(C(O)=O)C#N,4,3,1
MH431018,c1ccc(cc1)/C=C/c1ccc(cc1)N(c1ccc(cc1)/C=C/c1ccc(cc1)/C=C/c1ccc(N(c2ccccc2)c2ccccc2)cc1)c1ccccc1,4,3,1
MH431021,C(c1ccccc1)=Cc1ccc(cc1)N(c1ccc(cc1)C=C(c1ccccc1)c1ccccc1)c1ccc(cc1)C=C(c1ccccc1)c1ccccc1,4,3,1
MH431023,OS(=O)(=O)c1ccc(cc1)-c1ccc(cc1)-c1ccc(cc1)-c1ccc(cc1)-c1ccc(cc1)-c1ccc(cc1)-c1ccc(cc1)S(=O)(=O),4,3,1
MH431032,c1ccc(cc1)/C=C/c1ccc(cc1)-c1oc(-c2ccc(cc2)/C=C/c2ccc(cc2)-c2ccc(cc2)S(=O)(=O)[O-])nn1,4,3,1
MH431033,CCCCCCCCCCCCCCCCCN(C)c1ccc(cc1NC(=O)c1c(O)c2ccccc2c(/N=N/c2c(ccc(NS(=O)(c3ccc(C)cc3)=O)c2)Cl)c1),4,3,1
MH431041,OS(=O)(c1ccc(cc1)/N=N/c1ccc(cc1)N(CC)CC)=O,4,3,1
MH431044,OS(=O)(=O)c1ccc(cc1)/N=N/c1ccc(cc1)N(C)C,4,3,1
MH431048,c1ccc(N(c2ccccc2)c2ccccc2)c(N(c2ccccc2)c2ccccc2)c1N(c1ccccc1)c1ccccc1,4,3,1
MH431049,C=C(C#N)c1ccc(cc1)N(c1ccccc1)c1ccccc1,4,3,1
MH431052,C(=C1C=C(C(C)(C)C)C(C(=C1)C(C)(C)C)=O)c1cc(C(C)(C)C)c(c(C(C)(C)C)c1)O,4,3,1
MH431058,c1ccc(cc1)/C=C/C=C/c1ccc(N(c2ccccc2)c2ccccc2)cc1,4,3,1
MH431065,CN(C)c1ccc(cc1)/C=C/c1cc[n+](cc1)CCSSCC[n+]1ccc(cc1)/C=C/c1ccc(cc1)N(C)CCC[N+](C)(C)C,4,3,1
MH431067,OS(=O)(=O)c1ccccc1/C=C/c1ccc(cc1)-c1nnc(-c2ccc(cc2)/C=C/c2ccccc2S(=O)(=O)[O-])o1,4,3,1
MH431072,OS(=O)(=O)c1ccccc1/C=C/c1ccc(cc1)-c1oc(nn1)-c1ccc(cc1)/C=C/c1c(cccc1)S(=O)(=O)[O-],4,3,1
MH431083,C(=Cc1ccc(cc1)-c1ccc(C=C(C#Cc2ccccc2)C#Cc2ccccc2)cc1)C#Cc1ccccc1,4,3,1
MH431086,c1ccc(cc1)-c1ccc(cc1)-c1ccc(cc1)-c1ccc(cc1)-c1ccc(-c2ccc(cc2)-c2ccc(cc2)-c2ccccc2)cc1,4,3,1
MH431097,C(C(O)=O)=Cc1ccc(cc1)N(c1ccc(-c2ccccc2)cc1)c1ccc(-c2ccccc2)cc1,4,3,1
MH400002,c1ccc(cc1)N(c1ccccc1)c1ccc(cc1)/C=C/c1ccc(cc1)/C=C/c1ccc(/C=C/c2ccc(N(c3ccccc3)c3ccccc3)cc2)cc1,4,0,0
MH400006,c1ccc(N(c2ccccc2)c2ccccc2)cc1,4,0,0
MH400014,c1ccc(cc1)N(c1ccc(cc1)C)c1ccc(cc1)C=Cc1ccc(C=Cc2ccc(N(c3ccc(cc3)C)c3ccc(cc3)C)cc2)cc1,4,0,0
MH400019,c1ccc(cc1)/C=C/c1ccc(cc1)N(c1ccccc1)c1ccc(cc1)/C=C/c1ccc(cc1)N(c1ccccc1)c1ccccc1,4,0,0
MH400021,c1ccc(cc1)/C=C/c1ccc(cc1)N(c1ccccc1)c1ccc(cc1)/C=C/c1ccc(cc1)N(c1ccccc1)c1ccc(cc1)/C=C(\C#N),4,0,0
MH400025,c1ccc(N(c2ccc(cc2)OCCCCCC)c2ccc(cc2)OCCCCCC)cc1,4,0,0
MH400026,c1ccc(cc1)N(c1ccc(OCCCCCCC)cc1)c1ccc(cc1)-c1ccc(-c2ccc(/C=C(\C#N)C(=O)O)s2)c2c1nsn2,4,0,0
MH400043,c1ccc(/C=C/c2ccc(cc2)N(c2ccccc2)c2ccccc2)cc1/C=C/c1ccc(N(c2ccccc2)c2ccccc2)cc1,4,0,0
MH400056,c1ccc(cc1)/C=C/c1cc(C)c2n1[B-](F)([N+]1=CC=CC1=C2)F,4,0,0
MH400062,c1ccc(cc1)/C=C/c1cc(C)c2n1[B-](F)(F)[N+]1C(=C2c2ccccc2)C(=CC=1/C=C/c1ccc(cc1)OCC(=O)OCC)C,4,0,0
MH400091,c1ccc(cc1)/C=C/c1ccc(cc1)/C=C/c1ccc(/C=C/c2ccc(/C=C/c3ccc(cc3)N(c3ccccc3)c3ccccc3)cc2)cc1,4,0,0
MH400093,c1ccc(cc1)/C=C/c1ccc(cc1)/C=C/c1ccc(/C=C/c2ccc(cc2)/C=C/c2ccc(cc2)/C=C/c2ccc(cc2)C)cc1,4,0,0
MH400097,CCOc1ccc(N(c2ccc(OCCCCCC)cc2)c2ccc(cc2)-c2ccc(s2)-c2c3nsnc3c(cc2)-c2ccc(/C=C(\C#N)C(=O)O)s2)cc1,4,0,0
MH422000,OS(=O)(=O)c1ccc(cc1)/N=N/c1ccc(cc1)OS(c1ccc(cc1)C)(=O)=O,4,2,2
MH422002,OS(=O)(=O)c1ccc(cc1)/N=N/c1c(O)c2c(cc1S(=O)([O-])=O)cc(cc2NC(=O)C)S(=O)([O-])=O,4,2,2
MH422018,c1ccccc1/N=N/c1c(ccc2c1cccc2)O,4,2,2
MH422019,c1ccc(cc1)/N=N/c1ccc(cc1)N(CC)CC,4,2,2
MH422020,c1ccccc1/N=N/c1c(ccc2ccccc21)O,4,2,2
MH422023,c1ccc(cc1)/N=N/c1ccc(cc1)N(C)C,4,2,2
MH422024,OS(=O)(=O)c1ccc(/N=N/c2ccc(S(=O)([O-])=O)cc2)cc1/N=N/c1ccc(cc1)S([O-])(=O)=O,4,2,2
MH422026,[O-][N+](=O)c1ccc(cc1)/N=N/c1c(O)c(cc2c1cccc2)C(=O)Nc1c(ccc(S(=O)(=O)O)c1)N(CCCCCCCCCCCCCCCCCC)C,4,2,2
MH422034,c1ccccc1/N=N/c1c(c(cc2ccccc12)C(=O)Nc1ccccc1N(C)C)O,4,2,2
MH422035,c1ccccc1/N=N/c1c(O)c(cc2c1cccc2)C(Nc1ccccc1N(C)C)=O,4,2,2
MH422037,c1ccccc1/N=N/c1c(O)c(cc2c1cccc2)C(=O)Nc1ccc(cc1)CCCC,4,2,2
MH422038,c1ccccc1/N=N/c1c(c(cc2ccccc12)C(Nc1ccccc1)=O)O,4,2,2
MH422044,CCCCCCCCCCCCCCCCCOC(=O)/C=C/C1C=[N+]2C(C=1)=C(c1cccn1[B-]2(F)F)c1c(cc(cc1C)C)C,4,2,2
MH422051,OSOS(=O)(=O)c1ccc(cc1)/N=N/c1c(S(O[Na])(=O)=O)cc2cc(S(=O)(O[Na])=O)c(/N=N/c3ccc(cc3)S(=O)(O[Na])=O)cc2c1,4,2,2
MH422054,OSOS(=O)(=O)c1ccc(cc1)/N=N/c1ccc(cc1)OS(=O)(=O)c1ccc(cc1)/N=N/c1ccc(cc1)OS(=O)(=O)c1ccc(C)cc1,4,2,2
MH403001,c1ccc(cc1)-c1nc2nc3c(nc2n1-c1ccccc1)n(-c1ccccc1)c(-c1ccc(cc1)C(C)(C)C)n3,4,0,3
MH403002,c1ccc(cc1)-c1nc2nc3c(nc2n1-c1ccccc1)n(-c1ccccc1)c(n3)-c1ccc(cc1)C(=O)C(F)(F)F,4,0,3
MH403013,c1cc(-c2ccc(cc2)-c2ccc(cc2)N(c2ccccc2)c2ccccc2)cc(c1)-c1ccc(-c2ccc(N(c3ccccc3)c3ccccc3)cc2)cc1,4,0,3
MH403017,c1cc(ccc1)/C=C/c1cccc(c1)/C=C/c1cc(ccc1)/C=C/c1cccc(c1)[Si](c1ccccc1)(c1ccccc1)c1ccccc1,4,0,3
MH403025,c1cc(-c2ccc(cc2)N(c2ccccc2)c2ccccc2)cc(c1)-c1ccc(cc1)N(c1ccccc1)c1ccccc1,4,0,3
MH403032,c1ccc(cc1)-c1ccc(cc1)N(c1ccccc1)c1ccc2N(c3ccccc3)c3ccc(N(c4ccccc4)c4ccccc4)cc3C(c2c1)(C)C,4,0,3
MH403045,c1ccc(/N=N/c2ccc(cc2)N(C)C)cc1,4,0,3
MH403046,c1ccc(cc1)-c1ccc2N(c3ccc(cc3Oc2c1)-c1ccc(cc1)-c1ccc(cc1)C(F)(F)F)c1ccc(N(c2ccccc2)c2ccccc2)cc1,4,0,3
MH403048,c1ccc(-c2ccc(cc2)-c2ccc(cc2)N(c2ccccc2)c2ccc3N(c4ccccc4Oc3c2)c2ccccc2)cc1,4,0,3
MH403049,c1ccc(cc1)-c1ccc2N(c3ccc(cc3Oc2c1)-c1ccc(cc1)-c1ccc(C(F)(F)F)cc1)c1ccc(cc1)N1c2ccccc2Oc2c1cccc2,4,0,3
MH403061,C(=C(\C=C\c1ccc(cc1)N(C)C)N(C)C)/C=C/c1ccc(N(C)C)cc1,4,0,3
MH403062,C(=C(\C=C\c1ccc(cc1)N(C)C)N(C)C)/C=C/c1ccc(cc1)C(F)(F)F,4,0,3
MH403065,C(=C(\N=C\c1ccc(cc1)N(C)C)c1ccc(cc1)N(C)C)/C=C/c1ccc(N(C)C)cc1,4,0,3
MH403069,C(c1ccc(-c2ccc(cc2)-c2ccc(cc2)N(c2ccccc2)c2ccccc2)cc1)=O,4,0,3
MH403070,c1ccc(cc1)/N=N/c1ccc(cc1)/N=N/c1ccccc1,4,0,3
MH403078,c1ccc(cc1)/N=N/c1ccc(cc1)/N=N/c1ccc(cc1)[N+]([O-])=O,4,0,3
MH403084,C(c1ccccc1)=Cc1ccc(cc1)N(c1ccccc1)c1ccc(C=C(c2ccccc2)c2ccccc2)cc1,4,0,3
MH403087,C(=O)c1ccc(cc1)-c1ccc(cc1)-c1ccc(cc1)N(c1ccc(cc1)-c1ccc(-c2ccc(C(=O)c3ccccc3)cc2)cc1)c1ccc(cc1),4,0,3
MH403094,c1ccc(cc1)N(c1ccccc1)c1ccc(cc1)-c1ccc2N(c3ccccc3)c3ccc(cc3C(C)(c2c1)C)-c1ccc(cc1)N(c1ccccc1),4,0,3
MH421019,OCc1c(-c2ccc(cc2)N(c2ccccc2)c2ccccc2)sc(/C=C(\C#N)C(=O)O)c1-c1ccc(cc1)N(c1ccccc1)c1ccccc1,4,2,1
MH421023,OS(=O)(c1ccc(cc1)/N=N/c1ccc(cc1)S([O-])(=O)=O)=O,4,2,1
MH421029,OS(=O)(=O)c1ccc(cc1)/N=N/c1ccc(cc1)N(C)C,4,2,1
MH421030,OS(=O)(=O)c1ccc(C)cc1/N=N/c1c(ccc2c1cccc2)O,4,2,1
MH421037,c1c(cccc1)/N=N/c1c(ccc2c1cccc2)O,4,2,1
MH421041,C(C#N)=Cc1ccc(s1)-c1ccc(cc1)N(c1ccc(-c2ccc(C=C(C#N)C#N)s2)cc1)c1ccc(cc1)-c1ccc(C=C(C#N)C#N)s1,4,2,1
MH421052,OS(=O)(=O)c1ccc(cc1)/N=N/c1ccc(cc1)OS(=O)(=O)c1ccc(cc1)/N=N/c1ccc(cc1)OS(=O)(c1ccc(cc1)C)=O,4,2,1
MH421060,OS(=O)(=O)c1ccc(cc1)/N=N/c1ccc(cc1)OS(c1ccc(cc1)/N=N/c1ccc(cc1)S(=O)(=O)[O-])(=O)=O,4,2,1
MH402002,N(c1ccccc1)c1ccc(-c2ccc(-c3ccc(cc3)N(c3ccccc3)c3ccccc3)c3c2nsn3)cc1,4,0,2
MH402007,N(c1ccccc1)c1ccc(-c2ccc(-c3ccc(cc3)N(c3ccccc3)c3ccccc3)cc2)cc1,4,0,2
MH402008,N(c1ccccc1)c1ccc(-c2ccc(-c3ccc(cc3)N(c3ccccc3)c3ccccc3)c3nsnc23)cc1,4,0,2
MH402010,CN(c1ccc(/C=C/c2[n+](CCSSCC[n+]3ccccc3/C=C/c3ccc(N(CCO)CCO)cc3)cccc2)cc1)CCO,4,0,2
MH402011,CN(c1ccc(/C=C/c2[n+](CCSSCC[n+]3c(cccc3)/C=C/c3ccc(N(CCO)CCO)cc3)cccc2)cc1)CCO,4,0,2
MH402015,CN(C)c1ccc(/C=C/c2cc[n+](cc2)CCN(C)C(=O)CCCSSCCCC(=O)N(C)CC[n+]2ccc(/C=C/c3ccc(N(CCO)CCO)cc3)cc2)cc1,4,0,2
MH402017,C(C#N)=Cc1ccc(s1)-c1ccc(s1)-c1ccc(cc1)C=C(C#N)c1ccc(-c2ccc(cc2)N(c2ccccc2)c2ccccc2)cc1,4,0,2
MH402018,C(C#N)=Cc1ccc(s1)-c1ccc(s1)-c1ccc(s1)C=C(C#N)c1ccc(N(c2ccccc2)c2ccccc2)cc1,4,0,2
MH402020,C(C#N)=Cc1ccc(cc1)-c1ccc(cc1)N(c1ccccc1)c1ccc(-c2ccc(cc2)C=C(C#N)C#N)cc1,4,0,2
MH402021,C(=O)c1ccc(cc1)-c1ccc(cc1)N(c1ccccc1)c1ccc(cc1)-c1ccc(cc1)C(=O)c1ccc(cc1)N(c1ccccc1)c1ccccc1,4,0,2
MH402022,C(C#N)=Cc1ccc(cc1)-c1ccc(cc1)N(c1ccccc1)c1ccc(cc1)-c1ccc(C=C(C#N)C#N)cc1,4,0,2
MH402036,C(c1ccccc1)=Cc1ccc(cc1)N(c1ccc(C=C(c2ccccc2)c2ccccc2)cc1)c1ccc(C=C(c2ccccc2)c2ccccc2)cc1,4,0,2
MH402041,C(c1ccccc1)=Cc1ccc(cc1)N(c1ccccc1)c1ccc(cc1)C=C(c1ccccc1)c1ccccc1,4,0,2
MH402044,C(c1ccccc1)=Cc1ccc(cc1)N(c1ccccc1)c1ccc(C=C(C#N)c2ccccc2)cc1,4,0,2
MH402061,c1cc(-c2ccc(cc2)N(c2ccccc2)c2ccccc2)cc(c1)-c1ccc(N(c2ccccc2)c2ccccc2)cc1,4,0,2
MH402067,c1ccc(N(c2ccccc2)c2ccc(cc2)C=C(c2ccc(cc2)N(c2ccccc2)c2ccccc2)C#N)cc1,4,0,2
MH402068,c1ccc(N(c2ccccc2)c2ccc(cc2)C=C(c2ccc(cc2)N(c2ccc(cc2)C=C(C#N)C(O)=O)c2ccccc2)C#N)cc1,4,0,2
MH402077,n1/c(cc2ccccc12)=C\c1c2ccccc2cc2c1cccc2,4,0,2
MH402080,n1/c(=C\c2c3ccccc3cc3c2cccc3)sc(c1O)=Cc1ccc(cc1)N(C)C,4,0,2
MH402095,c1ccc(/C=C/c2ccc(cc2)/C=C/c2ccc(cc2)/C=C/c2ccc(cc2)/C=C/c2ccc(N(c3ccccc3)c3ccccc3)cc2)cc1,4,0,2
MH402098,c1ccc(/C=C/c2ccc(cc2)/C=C/c2ccc(cc2)/C=C/c2cccc(c2)C(F)(F)F)cc1C(F)(F)F,4,0,2
MH420023,c1cc(/C=C/c2ccc(cc2)N(c2ccccc2)c2ccccc2)ccc1/C=C/c1ccc(N(c2ccccc2)c2ccccc2)cc1,4,2,0
MH420026,c1ccc(cc1)/C=C/c1ccc(/C=C/c2ccc(N(c3ccccc3)c3ccccc3)cc2)cc1,4,2,0
MH420030,c1ccc(/C=C/c2ccc(cc2)N(c2ccccc2)c2ccccc2)cc1,4,2,0
MH420032,c1ccc(N(c2ccccc2)c2ccccc2)cc1,4,2,0
MH420033,c1ccc(/C=C/c2ccc(N(c3ccccc3)c3ccccc3)cc2)cc1,4,2,0
MH420034,c1ccc(cc1)N(c1ccccc1)c1ccc(cc1)/C=C/c1ccc(cc1)/C=C(\C#N)C(=O)O,4,2,0
MH420039,c1ccc(cc1)/C=C/c1ccc(cc1)N(c1ccc(cc1)/C=C/c1ccc(cc1)/C=C(\C#N)C(O)=O)c1ccc(cc1)/C=C/c1ccc(cc1)N,4,2,0
MH420042,c1ccc(cc1)/C=C/c1ccc(cc1)N(c1ccc(cc1)/C=C/c1ccc(cc1)N(c1ccccc1)c1ccccc1)c1ccccc1,4,2,0
MH420043,c1ccc(cc1)N(c1ccc(cc1)-c1ccc(C=C(C#N)C#N)s1)c1ccc(-c2ccc(s2)C=C(C#N)C#N)cc1,4,2,0
MH420044,c1ccc(cc1)N(c1ccc(cc1)-c1ccc(C=C(C#N)C(O)=O)s1)c1ccc(cc1)-c1sc(C=C(C#N)C(O)=O)cc1,4,2,0
MH420048,c1ccc(cc1)N(c1ccc(cc1)-c1ccc(C=C(C#N)C(O)=O)s1)c1ccc(cc1)-c1ccc(s1)C=C(C(=O)O)C#N,4,2,0
MH420061,c1ccc(/C=C/c2ccc(cc2)N(c2ccccc2)c2ccccc2)nc1/C=C/c1ccc(N(c2ccccc2)c2ccccc2)cc1,4,2,0
MH420079,c1ccc(cc1)N(c1ccccc1)c1ccc(cc1)/C=C/c1ccc(cc1)/C=C(\C#N)C(O)=O,4,2,0
MH401005,c1ccc(cc1)N(c1ccccc1)c1ccc(cc1)-c1ccc(-c2ccc(cc2)N(c2ccccc2)c2ccccc2)c2c1nsn2,4,0,1
MH401007,c1ccc(cc1)N(c1ccc(cc1)C=C(C#N)C(=O)O)c1ccccc1,4,0,1
MH401009,c1ccc(cc1)N(c1ccccc1)c1ccc(cc1)C=C(c1ccccc1)c1ccccc1,4,0,1
MH401010,c1ccc(cc1)N(c1ccc(cc1)C=C(C#N)C(O)=O)c1ccccc1,4,0,1
MH401012,c1ccccc1/N=N/c1c(S(=O)([O-])=O)cc2cc(S(=O)(=O)[O-])cc(c2c1O)/N=N/c1ccc(cc1)S(=O)([O-])=O,4,0,1
MH401014,c1ccccc1C[n+]1ccc(/C=C/c2ccc(cc2)N(c2ccccc2)c2ccccc2)cc1,4,0,1
MH401017,c1ccc(cc1)N(c1ccccc1)c1ccc(cc1)-c1cc2c(cc1)N(c1ccccc1)c1ccc(cc1C2(C)C)-c1ccc(cc1)N(c1ccccc1),4,0,1
MH401018,C(C#N)=Cc1ccc(s1)-c1ccc(cc1)N(c1ccc(cc1)-c1ccc(s1)C=C(C#N)C#N)c1ccc(-c2ccc(s2)C=C(C#N)C#N)cc1,4,0,1
MH401019,C(C#N)=Cc1ccc(s1)-c1ccc(cc1)N(c1ccc(cc1)-c1sc(cc1)C=C(C#N)C#N)c1ccc(-c2ccc(s2)C=C(C#N)C#N)cc1,4,0,1
MH401024,c1ccc(cc1)/N=N/c1c(S([O-])(=O)=O)cc2c(c1O)c(/N=N/c1ccc(cc1)S([O-])(=O)=O)c(cc2)S([O-])(=O)=O,4,0,1
MH401033,C=Cc1ccc(cc1)N(c1ccccc1)c1ccccc1,4,0,1
MH401035,C=C(c1ccccc1)c1ccc(cc1)N(c1ccccc1)c1ccccc1,4,0,1
MH401036,C=CC=C1N(c2ccccc2)c2c(cccc2)N1c1ccccc1,4,0,1
MH401037,C=CC=C1N(c2c(cccc2)C1(C)C)CCCCCC(ON1C(=O)CCC1=O)=O,4,0,1
MH401040,C=C(c1ccccc1)c1ccc(cc1)N(c1ccccc1)c1ccc2c(c1)cccc2,4,0,1
MH401042,c1cc(N(c2ccccc2)c2ccccc2)cc(C)c1/N=N/c1ccc(cc1)N(c1ccccc1)c1ccccc1,4,0,1
MH401043,C(c1ccc(cc1)C(=O)c1ccc(cc1)C(c1ccc(cc1)C(c1ccc(C(=O)c2ccc(cc2)C(=O)c2ccccc2)cc1)=O)=O)=O,4,0,1
MH401046,C(c1ccc(cc1)C(=O)c1ccc(cc1)C(c1ccc(cc1)C(=O)c1ccc(cc1)C(c1ccccc1)=O)=O)=O,4,0,1
MH401048,C1=C(c2ccccc2)C(c2ccccc2)=[N+]2C1=C(c1ccccc1)c1n(c(c(-c3ccccc3)c1-c1ccccc1)-c1ccccc1)[B-]2(F)F,4,0,1
MH401049,C1=C(c2ccccc2)C(c2ccccc2)=[N+]2C1=Nc1c(c(-c3ccccc3)c(-c3ccccc3)n1[B-]2(F)F)-c1ccccc1,4,0,1
MH401059,OSOS(c1ccc(cc1)/N=N/c1ccc(cc1)OS(c1ccc(/N=N/c2ccc(cc2)OS(=O)(c2ccc(cc2)C)=O)cc1)(=O)=O)(=O)=O,4,0,1
MH401067,c1ccc(cc1)N(c1ccccc1)c1ccc(cc1)-c1ccc(cc1)N(c1ccccc1)c1ccc(cc1)-c1ccc(cc1)N(c1ccccc1)c1ccccc1,4,0,1
MH401070,c1ccc(cc1)N(c1ccc(cc1)-c1ccc(cc1)N(c1ccccc1)c1ccccc1)c1ccccc1,4,0,1
MH401071,c1ccc(cc1)N(c1ccc(cc1)-c1ccc(cc1)N(c1ccc(C)cc1)c1ccc(C)cc1)c1ccc(cc1)C,4,0,1
MH401073,C(C#N)=Cc1ccc(cc1)N(c1ccccc1)c1ccc(C=C(C#N)C#N)cc1,4,0,1
MH401088,OS(=O)(=O)c1ccc(cc1)/N=N/c1c(S(=O)([O-])=O)cc2cc(S([O-])(=O)=O)cc(c2c1O)NC(=O)C,4,0,1
MH401091,c1ccc(c2nsnc12)C#Cc1ccc(N(c2ccccc2)c2ccccc2)cc1,4,0,1
MH401092,c1ccc(cc1)N(c1ccccc1)c1ccc(cc1)C=C(C#N)c1ccc(cc1)-c1ccc(cc1)C=C(c1ccc(cc1)N(c1ccccc1)c1ccccc1)C,4,0,1
MH423001,c1ccccc1/N=N/c1c(ccc2c1cccc2)O,4,2,3
MH423002,c1ccc(cc1)/C=C/c1ccc(cc1)N(c1ccccc1)c1ccccc1,4,2,3
MH423003,c1ccccc1/N=N/c1c(ccc2ccccc21)O,4,2,3
MH423011,c1ccccc1-c1ccccc1-c1ccccc1-c1ccccc1-c1ccccc1,4,2,3
MH423037,c1ccccc1-c1ccccc1-c1ccccc1-c1ccccc1-c1ccccc1-c1ccccc1-c1ccccc1-c1ccccc1,4,2,3
MH423038,c1ccccc1-c1ccccc1-c1ccccc1-c1ccccc1-c1ccccc1-c1ccccc1-c1ccccc1,4,2,3
MH423040,c1ccccc1-c1ccccc1-c1ccccc1-c1ccccc1-c1ccccc1-c1ccccc1-c1ccccc1-c1c(cccc1)-c1ccccc1,4,2,3
MH423043,c1ccccc1/N=N/c1c(O)c(cc2c1cccc2)C(Nc1ccccc1)=O,4,2,3
MH423047,c1ccccc1/N=N/c1c(O)c(cc2c1cccc2)C(=O)Nc1c(cccc1)OC,4,2,3
MH423048,c1ccccc1/N=N/c1c(O)ccc2ccccc12,4,2,3
MH423068,c1ccc(cc1)-c1ccc(cc1)-c1ccc(-c2ccc(-c3ccc(cc3)-c3ccc(-c4ccc(cc4)-c4ccc(cc4)C(F)(F)F)cc3)s2)cc1,4,2,3
MH423070,c1ccc(cc1)-c1ccc(cc1)-c1ccc(-c2ccc(-c3ccc(cc3)-c3ccc(-c4ccc(cc4)-c4ccccc4)cc3)s2)cc1,4,2,3
MH423071,c1ccc(cc1)-c1ccc(cc1)-c1ccc(-c2ccc(-c3ccc(cc3)-c3ccc(-c4ccc(cc4)-c4ccc(cc4)C#N)cc3)nn2)cc1,4,2,3
MH423074,C(=O)c1ccc(cc1)-c1ccc(cc1)-c1ccc(-c2ccc(cc2)-c2ccc(C(=O)c3ccccc3)cc2)s1,4,2,3
MH423076,C(=O)c1ccc(cc1)-c1cc(-c2ccc(cc2)C(=O)C(F)(F)F)cc(c1)-c1ccc(cc1)C(=O)C(F)(F)F,4,2,3
MH423084,c1ccc(cc1)N(c1ccccc1)c1ccc(cc1)-c1ccc2N(c3ccccc3)c3ccc(cc3C(c2c1)(C)C)-c1ccc(cc1)N(c1ccccc1),4,2,3
MH412012,OS(=O)(=O)c1ccc(cc1)/N=N/c1c(S(=O)(=O)[O-])cc2cc(S([O-])(=O)=O)cc(c2c1O)NC(=O)C,4,1,2
MH412035,C=C1C(C)(C)c2c(N1CCCCCC(=O)ON1C(=O)CCC1=O)ccc(c2)S(O)(=O)=O,4,1,2
MH412036,C=C1N(c2ccccc2C1(C)C)CCC[N+](C)(CCC[N+](CCCN1c2ccccc2C(C=C1)=Cc1[n+](C)c2ccccc2o1)(C)C)C,4,1,2
MH412037,C=C1N(c2ccccc2C1(C)C)CCC[N+](C)(CCC[N+](CCCN1c2ccccc2C(C=C1)=Cc1[n+](C)c2c(o1)cccc2)(C)C)C,4,1,2
MH412041,[nH]1/c(=C/c2c3ccccc3cc3c2cccc3)c(=C)c(n1-c1ccccc1)=O,4,1,2
MH412042,[nH]1/c(=C/c2c3ccccc3cc3c2cccc3)c(=C)[nH]/c1=C/c1c2c(cccc2)cc2c1cccc2,4,1,2
MH412043,[nH]1/c(=C/c2c3ccccc3cc3c2cccc3)c(=C)[nH]/c1=C\C(=O)N1CCOCC1,4,1,2
MH412044,[nH]1/c(=C/c2c3ccccc3cc3c2cccc3)c(=C)[nH]/c1=C/c1c2ccccc2cc2c1cccc2,4,1,2
MH412045,c1c(c(/N=N/c2c3ccccc3ccc2O)c2c(c1)cccc2)S([O-])(=O)=O,4,1,2
MH412069,C=C1C(c2ccccc2)=C(c2ccccc2)c2ccccc2B1N(c1ccccc1)c1ccccc1,4,1,2
MH412070,C=C1N(c2c(C1(C)C)cc(S(=O)(O)=O)cc2)CCCCCC(=O)ON1C(=O)CCC1=O,4,1,2
MH412073,C=C1C(c2ccccc2)=C(c2ccccc2)C2=Cc3c(NB2O1)cccc3,4,1,2
MH412077,C=C1N(c2ccccc2C1(C)C)CCCCCC(ON1C(=O)CCC1=O)=O,4,1,2
MH412080,N(c1ccccc1)c1ccc(cc1)-c1ccc(-c2ccc(N(c3ccccc3)c3ccccc3)cc2)c2c1nc(-c1ccccc1)c(-c1ccccc1)n2,4,1,2
MH412092,CNS(=O)(c1ccc(cc1)/N=N/c1c(c(cc2c1cccc2)C(Nc1cc(ccc1N(C)CCCCCCCCCCCCCCCCC)S(O)(=O)=O)=O)O)=O,4,1,2
MH440000,C#Cc1ccc(cc1)N(c1ccc(cc1)C#Cc1ccc(C=C(C#N)C(=O)O)cc1)c1ccc(cc1)C#Cc1ccc(cc1)O/C=C(\C#N)C(=O),4,4,0
MH440003,C#Cc1ccc(cc1)N(c1ccc(cc1)C#Cc1ccc(C=C(C#N)C(=O)O)cc1)c1ccc(cc1)C#Cc1ccc(C=C(C#N)C(O)=O)cc1,4,4,0
MH440005,c1ccc(cc1)/C=C/c1ccc(cc1)N(c1ccc(/C=C/c2ccc(cc2)C(C)(C)C)cc1)c1ccc(cc1)/C=C/c1ccc(cc1)C(C)(C)C,4,4,0
MH440010,c1ccc(cc1)/C=C/c1ccc(N(c2ccc(cc2)/C=C/c2ccc(cc2)C(F)(F)F)c2ccc(cc2)-c2ccc(cc2)C(F)(F)F)cc1,4,4,0
MH440011,c1ccc(cc1)/C=C/c1ccc(N(c2ccc(cc2)/C=C/c2ccc(N(c3ccc(cc3)C)c3ccc(cc3)C)cc2)c2ccc(cc2)C)cc1,4,4,0
MH440015,C=C(c1ccc(cc1)N(c1ccccc1)c1ccccc1)c1ccc(N(c2ccccc2)c2ccccc2)cc1,4,4,0
MH440018,C=C(c1ccc(cc1)N(c1ccccc1)c1ccc(cc1)C=C(C#N)C(O)=O)c1ccc(cc1)N(c1ccccc1)c1ccccc1,4,4,0
MH440020,C=C/C(C(F)(F)F)=C(/N=CC(F)(F)F)C(F)(F)F,4,4,0
MH440024,C=C/C(=C(/C=CC(C)(C)C)C(C)(C)C)C(C)(C)C,4,4,0
MH440029,C=Cc1ccc(cc1)N(c1ccc(cc1)C=Cc1ccc(cc1)N(c1ccccc1)c1ccccc1)c1ccc(cc1)C=Cc1ccc(cc1)N(c1ccccc1),4,4,0
MH440032,c1ccc(cc1)/C=C/c1ccc(cc1)N(c1ccc(/C=C/c2ccc(cc2)N(c2ccccc2)c2ccccc2)cc1)c1ccccc1,4,4,0
MH440034,C#Cc1ccc(cc1)N(c1ccc(cc1)C#Cc1ccc(cc1)C=C(C#N)C#N)c1ccc(cc1)C#Cc1ccc(C=C(C#N)C#N)cc1,4,4,0
MH440042,c1ccc(cc1)-c1c2ccc([nH]2)c(-c2ccc(C)cc2)c2nc(C=C2)c(-c2ccc(cc2)C)c2[nH]c(cc2)c(-c2ccc(cc2)C)c2nc1C=C2,4,4,0
MH440047,c1ccc(/C=C/c2ccc(N(c3ccc(cc3)/C=C/c3cccc(c3)C(O)=O)c3ccc(/C=C/c4cccc(c4)C(O)=O)cc3)cc2)cc1,4,4,0
MH440065,c1ccc(cc1)-c1c2ccc([nH]2)c(-c2cccc(c2)C#C[c-]2cccc2)c2C=Cc(n2)c(-c2cccc(c2)C#C[c-]2cccc2)c2[nH]c1cc2,4,4,0
MH440066,c1ccc(cc1)-c1c2ccc([nH]2)c(-c2cccc(c2)C#C[c-]2cccc2)c2C=Cc(n2)c(-c2cc(ccc2)C#C[c-]2cccc2)c2[nH]c1cc2,4,4,0
MH440079,N(c1ccccc1)c1ccc(/C=C/c2ccc(N(c3ccccc3)c3ccc(/C=C/c4ccc(cc4)N(c4ccccc4)c4ccccc4)cc3)cc2)cc1,4,4,0
MH440084,N(c1ccccc1)c1ccc(/C=C/c2ccc(cc2)N(c2ccccc2)c2ccc(cc2)/C=C/c2ccc(N(c3ccccc3)c3ccccc3)cc2)cc1,4,4,0
MH440094,c1ccc(-c2ccc(cc2)N(c2ccccc2)c2ccccc2)c2nc(c(nc21)-c1ccccc1)-c1ccc(cc1)N(c1ccccc1)c1ccccc1,4,4,0
MH440095,c1ccc(-c2ccc(cc2)N(c2ccccc2)c2ccccc2)c2nc(c(nc21)-c1ccccc1)-c1ccccc1,4,4,0
MH430000,c1ccc(cc1)/C=C/c1ccc(N(c2ccc(cc2)/C=C/c2ccc(cc2)C(F)(F)F)c2ccc(cc2)/C=C/c2ccc(C(F)(F)F)cc2)cc1,4,3,0
MH430001,c1ccc(cc1)/C=C/c1ccc(cc1)N(c1ccc(cc1)/C=C/c1ccc(cc1)C(F)(F)F)c1ccc(cc1)-c1ccc(cc1)C(F)(F)F,4,3,0
MH430002,c1ccc(cc1)/C=C/c1ccc(cc1)N(c1ccc(cc1)/C=C/c1ccc(cc1)N(c1ccccc1)c1ccccc1)c1ccccc1,4,3,0
MH430006,C#Cc1ccc(cc1)N(c1ccc(C#Cc2ccc(C=C(C#N)C#N)cc2)cc1)c1ccc(cc1)C#Cc1ccc(cc1)C=C(C#N)C#N,4,3,0
MH430022,c1ccc(cc1)/C=C/c1ccc(cc1)N(c1ccc(cc1)/C=C/c1ccc(cc1)N(c1ccccc1)c1ccccc1)c1ccccc1,4,3,0
MH430024,c1ccc(cc1)/C=C/c1ccc(cc1)N(c1ccccc1)c1ccccc1,4,3,0
MH430030,c1cc(-c2ccc(cc2)N(c2ccccc2)c2ccccc2)c2ccc3c4c2c1ccc4c(-c1ccc(cc1)N(c1ccccc1)c1ccccc1)cc3,4,3,0
MH430032,c1cc(-c2ccc(cc2)N(c2ccccc2)c2ccccc2)cc(-c2ccc(N(c3ccccc3)c3ccccc3)cc2)c1,4,3,0
MH430035,c1ccc(cc1)-c1ccc(cc1)N(c1ccc(cc1)-c1ccc(cc1)/C=C(\C#N)C(O)=O)c1ccc(cc1)-c1ccc(cc1)/C=C(\C#N),4,3,0
MH430040,c1ccc(-c2ccc(N(c3ccccc3)c3ccccc3)cc2)c2c1nc(-c1ccccc1)c(-c1ccccc1)n2,4,3,0
MH430041,C(C#N)=Cc1ccc(cc1)N(c1ccccc1)c1ccc(cc1)-c1[nH]c2c(-c3cc(OC)ccc3)ccc(-c3cccc(OC)c3)c2n1,4,3,0
MH430042,c1ccc(-c2ccc(N(c3ccccc3)c3ccccc3)cc2)c2c1nc(-c1ccccc1)c(n2)-c1ccccc1,4,3,0
MH430043,C(C#N)=Cc1ccc(cc1)N(c1ccccc1)c1ccc(cc1)-c1[nH]c2c(-c3cc(OC)ccc3)ccc(-c3cccc(c3)OC)c2n1,4,3,0
MH430051,c1cc(-c2ccc(cc2)N(c2ccccc2)c2ccccc2)c(-c2ccc(N(c3ccccc3)c3ccccc3)cc2)cc1/C=C(/C(O)=O)C#N,4,3,0
MH430074,C#Cc1ccc(cc1)N(c1ccc(C#Cc2ccc(cc2)C=C(C#N)C(=O)O)cc1)c1ccc(cc1)C#Cc1ccc(C=C(C#N)C(=O)O)cc1,4,3,0
MH430084,c1ccc(-c2ccc(cc2)N(c2ccccc2)c2ccccc2)c2c1nc(-c1ccccc1)c(-c1ccccc1)n2,4,3,0
MH430085,c1ccc(N(c2ccccc2)c2ccccc2)cc1,4,3,0
MH411000,OS(=O)(=O)c1ccc(cc1)/N=N/c1c(cc2c(c1O)c(N)c(cc2S(=O)(=O)[O-])S(=O)([O-])=O)S([O-])(=O)=O,4,1,1
MH411004,OS(=O)(=O)c1ccc(cc1)/N=N/c1c(cc2c(c1O)c(N)c(cc2S(=O)(=O)[O-])S(=O)(=O)[O-])S(=O)([O-])=O,4,1,1
MH411011,CCCCCCCCCCCCCCCCCCCOC(=O)/C=C/C1C=[N+]2C(C=1)=C(c1cccn1[B-]2(F)F)c1c(cc(cc1C)C)C,4,1,1
MH411020,OOSc1ccc(cc1)/N=N/c1ccc(cc1)OS(=O)(=O)c1ccc(cc1)/N=N/c1ccc(OS(c2ccc(cc2)C)(=O)=O)cc1,4,1,1
MH411061,Oc1cc(ccc1OC)/C=C/C1C=C(/C=C/c2cc(OC)c(cc2)OS(c2ccc(cc2)C)(=O)=O)O[B-](F)([O+]=1)F,4,1,1
MH411081,OS(=O)(=O)c1ccc(cc1)/N=N/c1c(S([O-])(=O)=O)cc2cc(S([O-])(=O)=O)cc(c2c1[O-])/N=N/c1ccc(S([O-])(=O)=O)cc1,4,1,1
MH411085,OS(=O)(=O)c1ccc(cc1)/N=N/c1c(S([O-])(=O)=O)cc2cc(S([O-])(=O)=O)cc(c2c1O)NC(=O)C,4,1,1
MH411086,OS(=O)(=O)c1ccc(cc1)/N=N/c1c(O)c2c(cc(S([O-])(=O)=O)cc2cc1S([O-])(=O)=O)Nc1nc(nc(Cl)n1)N(c1ccccc1)C,4,1,1
MH411099,c1ccc(cc1)/C=C/c1ccc(cc1)N(c1ccccc1)c1ccccc1,4,1,1
MH411100,c1ccc(cc1)CN1C(=O)/C(=C\c2c3ccccc3cc3ccccc32)C(NC1=O)=O,4,1,1
MH411101,c1ccc(cc1)CN1C(=O)/C(=C\c2c3ccccc3cc3c2cccc3)SC1=S,4,1,1
MH411104,c1ccc(cc1)CN1C(=O)/C(SC1=S)=C/c1c2ccccc2cc2c1cccc2,4,1,1
MH411105,c1ccc(cc1)CN1C(=O)/C(=C\c2c3ccccc3cc3ccccc23)SC1=S,4,1,1
MH411106,c1ccc(cc1)CN1C(=O)/C(=C\c2c3ccccc3cc3ccccc32)C(=O)NC1=O,4,1,1
MH411107,c1ccccc1/C=C/c1n2c(C=C3[N+](=CC=C3)[B-]2(F)F)c(C)c1,4,1,1
MH433009,c1ccc(cc1)/C=C/c1ccc(-c2nnc(-c3ccc(/C=C/c4ccc(cc4)-c4ccc(N(c5ccccc5)c5ccccc5)cc4)cc3)o2)cc1,4,3,3
MH433011,c1ccc(/C=C/c2ccc(cc2)N(c2ccccc2)c2ccccc2)cc1,4,3,3
MH433014,c1ccc(cc1)/C=C/c1ccc(-c2nnc(-c3ccc(/C=C/c4ccc(cc4)-c4ccc(cc4)N(C)C)cc3)o2)cc1,4,3,3
MH433018,c1ccc(cc1)/C=C/c1cc[n+]2ccc(cc2c1)/C=C/c1ccc(cc1)OC,4,3,3
MH433020,C#Cc1ccc(cc1)C#Cc1ccc(cc1)C#Cc1ccc(cc1)-c1ccc(cc1)C#Cc1ccc(cc1)/C=C/c1ccc(cc1)N(CCCCCCCC)CCCCCC,4,3,3
MH433031,c1ccc(s1)-c1ccc(s1)-c1ccc([Si]([Si](C)(C)C)([Si](C)(C)C)[Si](C)(C)C)s1,4,3,3
MH433032,c1ccc(cc1)N(c1ccccc1)c1ccc(cc1)C=C(c1ccc(cc1)-c1ccc(cc1)C)c1ccc(cc1)-c1ccc(C=C(c2ccccc2)C#N)cc1,4,3,3
MH433034,c1ccc(cc1)-c1ccc(-c2ccc(-c3ccc(cc3)-c3ccc(cc3)-c3ccc(cc3)-c3ccc(cc3)-c3ccccc3)cc2)cc1,4,3,3
MH433035,c1ccc(cc1)-c1c2ccccc2c(c2c1cccc2)-c1ccc(cc1)-c1ccc(cc1)[Si](c1ccccc1)(c1ccccc1)c1ccccc1,4,3,3
MH433037,OS(=O)(c1ccc(cc1)/N=N/c1ccc(O)c(C(=O)O[Sn](CC)(CC)CC)c1)=O,4,3,3
MH433040,OS(=O)(c1ccc(cc1)/N=N/c1ccc(N(C)C)cc1)=O,4,3,3
MH433066,c1ccc(cc1)N(c1ccccc1)c1ccccc1,4,3,3
MH433076,c1ccc(cc1)/C=C/c1ccc(cc1)-c1oc(-c2ccc(-c3ccc(/C=C/c4ccc(cc4)N(C)C)cc3)cc2)nn1,4,3,3
MH433084,c1cc(sc1-c1ccc(N(c2ccccc2)c2ccccc2)cc1)-c1ccc(cc1)N(c1ccccc1)c1ccccc1,4,3,3
MH433087,c1cc(sc1-c1ccc(N(c2ccccc2)c2ccccc2)cc1)-c1ccc(-c2ccc(cc2)N(c2ccccc2)c2ccccc2)c2c1nsn2,4,3,3
MH433089,c1cc(sc1-c1ccc(N(c2ccccc2)c2ccccc2)cc1)-c1ccc(-c2ccc(cc2)N(c2ccccc2)c2ccccc2)c2nsnc21,4,3,3
MH433098,c1ccccc1-c1ccccc1-c1ccccc1-c1ccccc1-c1ccccc1-c1ccccc1-c1ccccc1-c1ccccc1,4,3,3
MH433099,c1ccccc1-c1ccccc1-c1ccccc1-c1ccccc1-c1ccccc1-c1ccccc1-c1c(cccc1)-c1ccccc1,4,3,3
MH443000,c1ccc(/C=C/c2ccc(cc2)N(c2ccccc2)c2ccccc2)cc1,4,4,3
MH443001,c1ccc(N(c2ccccc2)c2ccccc2)cc1,4,4,3
MH443002,c1ccc(-c2ccc(cc2)N(c2ccccc2)c2ccccc2)c(c1)-c1ccc(cc1)N(c1ccccc1)c1ccccc1,4,4,3
MH443018,c1ccc(cc1)/N=N/c1ccc(cc1)N(C)C,4,4,3
MH443019,c1ccc(cc1)/N=N/c1ccc(O)c(c1)/C=N/NC(=O)CNc1ccc(cc1)C,4,4,3
MH443021,c1ccc(cc1)/N=N/c1ccc(O)c(c1)/C=N/NC(=O)CNc1ccc(C)cc1,4,4,3
MH443022,c1ccc(cc1)/N=N/c1ccc(O)c(c1)/C=N/NC(=O)COc1ccc(cc1[N+]([O-])=O)C,4,4,3
MH443040,c1ccc(cc1)-c1ccc(-c2ccc(-c3ccc(cc3)-c3ccc(cc3)[Si](c3ccccc3)(c3ccccc3)c3ccccc3)cc2)cc1,4,4,3
MH443044,c1ccc(/N=N/c2ccc(S([O-])(=O)=O)cc2)cc1,4,4,3
MH443061,c1ccc(cc1)/N=N/c1ccc(O)c(c1)/C=N/Nc1nc(nc(n1)N1CCCCC1)N1CCCCC1,4,4,3
MH443062,c1ccccc1-c1ccccc1-c1ccccc1-c1ccccc1-c1ccccc1,4,4,3
MH443063,c1ccc(cc1)/N=N/c1ccc(O)c(c1)/C=N/Nc1nc(nc(N2CCCC2)n1)N1CCCC1,4,4,3
MH443065,c1ccc(cc1)/N=N/c1ccc(O)c(c1)/C=N/NC(=O)COc1ccc(cc1[N+]([O-])=O)C,4,4,3
MH443067,c1ccc(cc1)/N=N/c1ccc(O)c(c1)/C=N/Nc1nc(nc(N2CCCCC2)n1)N1CCCCC1,4,4,3
MH443076,c1ccc(/N=N/c2cc(c(cc2)O)/C=N/NC(=O)COc2ccccc2[N+]([O-])=O)cc1,4,4,3
MH443078,c1ccc(cc1)/N=N/c1ccc(O)c(c1)C(=O)O[Sn](CCCC)(CCCC)CCCCC,4,4,3
MH434016,C#Cc1ccc(cc1)N(c1ccc(cc1)C#Cc1ccc(cc1)C=C(C#N)C#N)c1ccc(C#Cc2ccc(cc2)C=C(C#N)C#N)cc1,4,3,4
MH434019,c1ccc(cc1)-c1ccc(cc1)-c1ccc(-c2ccc(cc2)-c2ccc(-c3ccc(-c4ccc(cc4)-c4ccc(cc4)-c4ccccc4)cc3)s2)cc1,4,3,4
MH434020,N(c1ccccc1)c1ccccc1,4,3,4
MH434031,C=Cc1ccc(cc1)-c1ccc(cc1)C=C[Si](c1ccccc1)(c1ccccc1)c1ccccc1,4,3,4
MH434049,[Si](c1ccccc1)(c1ccccc1)c1ccccc1,4,3,4
MH434051,c1ccc(cc1)-c1ccc(cc1)-c1ccc(-c2ccc(cc2)-c2ccc(cc2)-c2ccc(cc2)-c2ccc(cc2)-c2ccccc2)cc1,4,3,4
MH434057,N(c1ccccc1)c1c(cccc1)N(c1ccccc1)c1ccccc1,4,3,4
MH434058,C=Cc1ccc(cc1)C=Cc1ccc(cc1)N(c1ccccc1)c1ccccc1,4,3,4
MH434072,c1ccc(cc1)-c1ccc(cc1)C#Cc1ccc(-c2ccc(cc2)C#Cc3ccc(-c4ccc(cc4)C#Cc4ccc(-c5ccc(C)cc5)cc4)cc3)cc1,4,3,4
MH434079,c1cc(sc1-c1ccc(N(c2ccccc2)c2ccccc2)cc1)-c1ccc(cc1)N(c1ccccc1)c1ccccc1,4,3,4
MH434080,c1cc(sc1-c1ccc(N(c2ccccc2)c2ccccc2)cc1)-c1ccc(-c2ccc(N(c3ccccc3)c3ccccc3)cc2)s1,4,3,4
MH434085,c1cc(sc1-c1ccc(N(c2ccccc2)c2ccccc2)cc1)-c1ccc(-c2ccc(cc2)N(c2ccccc2)c2ccccc2)c2nsnc12,4,3,4
MH444000,c1ccc(cc1)-c1ccc(cc1)-c1ccc(-c2ccc(cc2)-c2ccc(cc2)-c2ccc(cc2)[Si](c2ccccc2)(c2ccccc2)c2ccccc2)nn1,4,4,4
MH444006,c1ccccc1-c1ccccc1-c1ccccc1-c1ccccc1-c1ccccc1-c1ccccc1-c1ccccc1-c1ccccc1,4,4,4
MH444011,c1ccccc1-c1ccccc1-c1ccccc1-c1ccccc1-c1ccccc1-c1ccccc1,4,4,4
MH444013,c1ccccc1-c1ccccc1-c1ccccc1-c1ccccc1-c1ccccc1-c1ccccc1-c1ccccc1,4,4,4
MH444014,c1ccc(cc1)N(c1ccccc1)c1nc(nc(n1)N(c1ccccc1)c1ccccc1)N(c1ccccc1)c1ccccc1,4,4,4
MH444023,c1ccccc1C#Cc1ccc(cc1)N(c1ccc(cc1)C#Cc1ccccc1C#Cc1ccccc1)c1ccc(C#Cc2ccccc2C#Cc2ccccc2C#N)cc1,4,4,4
MH444024,c1ccccc1C#Cc1ccc(cc1)N(c1ccc(cc1)C#Cc1ccccc1C#Cc1ccccc1)c1ccc(C#Cc2c(cccc2)C#Cc2ccccc2C#N)cc1,4,4,4
MH444025,c1ccccc1C#Cc1ccc(cc1)N(c1ccc(C#Cc2ccccc2C#N)cc1)c1ccc(cc1)C#Cc1c(cccc1)C#N,4,4,4
MH444027,c1ccccc1C#Cc1ccc(cc1)N(c1ccc(cc1)C#Cc1ccccc1C#Cc1ccccc1)c1ccc(cc1)C#Cc1c(cccc1)C#Cc1ccccc1,4,4,4
MH444028,c1ccccc1C#Cc1ccc(cc1)N(c1ccc(cc1)C#Cc1ccccc1C#Cc1ccccc1)c1ccc(C#Cc2ccccc2C#Cc2ccccc2)cc1,4,4,4
MH444035,N(c1ccccc1)c1ccccc1,4,4,4
MH444043,c1ccc(/C=C/c2ccc(cc2)/C=C/c2ccc(cc2)/C=C/c2ccc(cc2)/C=C/c2ccc(cc2)N(c2ccccc2)c2ccccc2)cc1,4,4,4
MH444047,c1ccc(cc1)-c1ccc(cc1)-c1ccc(cc1)-c1ccc(cc1)-c1ccc(-c2ccc(-c3ccc(cc3)-c3ccc(cc3)-c3ccccc3)cc2)s1,4,4,4
MH444048,c1cc(ccc1)-c1cccc(c1)-c1cccc(-c2cccc(-c3cccc(-c4cccc(c4)-c4cccc(c4)-c4cccc(c4)C(F)(F)F)n3)n2)n1,4,4,4
MH444050,c1ccc(cc1)-c1ccccc1-c1ccc(cc1)-c1ccccc1-c1ccc(-c2ccccc2-c2ccc(-c3ccccc3)cc2)cc1,4,4,4
MH444052,c1ccc(cc1)-c1ccccc1-c1ccc(cc1)-c1ccc(cc1)-c1ccccc1-c1ccc(cc1)-c1ccccc1-c1ccc(-c2ccccc2)cc1,4,4,4
MH444053,c1ccc(cc1)-c1ccccc1-c1ccc(cc1)-c1ccccc1-c1ccc(-c2ccccc2-c2ccc(cc2)-c2ccccc2)cc1,4,4,4
MH444063,c1ccc(cc1)C#Cc1ccc(cc1)N(c1ccc(C#Cc2ccc(cc2)C=C(C#N)C#N)cc1)c1ccc(C#Cc2ccc(cc2)C=C(C#N)C#N)cc1,4,4,4
MH444069,c1ccc(cc1)N(c1ccccc1)c1ccc(cc1)-c1ccc(N(c2ccccc2)c2ccc(cc2)-c2ccc(cc2)N(c2ccccc2)c2ccccc2)cc1,4,4,4
MH444070,c1ccc(cc1)N(c1ccc(cc1)-c1ccc(cc1)N(c1ccccc1)c1ccccc1)c1ccc(cc1)-c1ccc(cc1)N(c1ccccc1)c1ccccc1,4,4,4
MH424008,C=Cc1ccc(cc1)-c1ccc(cc1)-c1ccc(cc1)C=C[Si](c1ccccc1)(c1ccccc1)c1ccccc1,4,2,4
MH424011,c1ccc(cc1)-c1ccc(cc1)-c1ccc(cc1)P(c1ccc(cc1)-c1ccc(cc1)-c1ccc(cc1)P(c1ccccc1)c1ccccc1)c1ccccc1,4,2,4
MH424012,c1ccc(cc1)-c1ccc(cc1)-c1ccc(-c2ccc(cc2)-c2ccc(cc2)-c2ccc(cc2)[Si](c2ccccc2)(c2ccccc2)c2ccccc2)nc1,4,2,4
MH424014,c1ccc(cc1)N(c1ccc(cc1)-c1ccc(N(c2ccccc2)c2ccccc2)cc1)c1ccc(cc1)-c1ccc(cc1)N(c1ccccc1)c1ccccc1,4,2,4
MH424021,c1ccc(cc1)-c1cc(-c2ccc(-c3ccccc3)cn2)cc(c1)-c1ccc(cn1)-c1ccccc1,4,2,4
MH424025,c1ccc(cc1)-c1ccc(cc1)-c1ccc(cc1)-c1ccc(-c2ccc(-c3ccc(cc3)-c3ccccc3)cn2)nc1,4,2,4
MH424028,c1ccc(cc1)-c1ccc(cc1)-c1ccc(-c2ccc(-c3ccc(cc3)-c3ccc(cc3)P(c3ccccc3)c3ccccc3)nn2)cc1,4,2,4
MH424034,c1ccc(cc1)-c1ccc(cc1)-c1ccc(-c2ccc(-c3ccc(cc3)-c3ccc(cc3)P(c3ccccc3)c3ccccc3)s2)cc1,4,2,4
MH424036,c1ccccc1-c1ccccc1-c1ccccc1-c1ccccc1,4,2,4
MH424044,N(c1ccccc1)c1ccccc1,4,2,4
MH424045,P(c1ccccc1)c1ccc(cc1)-c1cc(-c2ccc(P(c3ccccc3)c3ccccc3)cc2)cc(c1)-c1ccc(cc1)P(c1ccccc1)c1ccccc1,4,2,4
MH424049,P(c1ccccc1)c1ccc(cc1)-c1ccc(cc1)-c1ccc(-c2ccc(-c3ccc(cc3)P(c3ccccc3)c3ccccc3)cc2)nn1,4,2,4
MH424068,C#Cc1ccccc1C#Cc1ccc(C#Cc2ccc(cc2)P(c2ccc(cc2)C#Cc2ccc(C#Cc3c(cccc3)C#N)cc2)c2ccccc2)cc1,4,2,4
MH424070,C#Cc1ccccc1C#Cc1ccc(cc1)C#Cc1ccc(cc1)C#Cc1ccccc1C#Cc1ccc(cc1)C#Cc1ccccc1C#N,4,2,4
MH424073,C#Cc1ccccc1C#Cc1ccc(cc1)C#Cc1ccc(cc1)C#Cc1ccccc1C#Cc1ccccc1C#Cc1ccccc1C#Cc1ccccc1C#Cc1ccccc1C#C,4,2,4
MH424077,C1C=CC2=C(c3cccn3[B-](F)(F)[N+]=12)c1ccc(cc1)C(C(=O)NC(C)(C)C)OC(c1ccccc1)=O,4,2,4
MH424082,c1ccc(cc1)-c1ccc(cc1)N(c1ccc(cc1)-c1ccc(cc1)C(F)(F)F)c1ccc(cc1)-c1ccc(C(F)(F)F)cc1,4,2,4
MH424084,C1C=CC2=C(c3cccn3[B-](F)(F)[N+]=12)c1ccc(cc1)C(OC(c1ccccc1)=O)C(NC(C)(C)C)=O,4,2,4
MH424085,c1cc(ccc1)-c1cccc(-c2cccc(-c3cccc(n3)-c3cccc(n3)-c3cccc(-c4cccc(c4)-c4cc(ccc4)C(F)(F)F)n3)n2)c1,4,2,4
MH424086,c1cc(ccc1)-c1cccc(-c2cccc(-c3cccc(n3)-c3cccc(n3)-c3cccc(c3)-c3cccc(c3)-c3cccc(c3)C(F)(F)F)n2)c1,4,2,4
MH424100,c1ccc(cc1)-c1ccc(-c2ccc(-c3ccc(-c4ccc(cc4)-c4ccc(cc4)[Si](c4ccccc4)(c4ccccc4)c4ccccc4)cc3)s2)cc1,4,2,4
